passenger_id,from_floor,to_floor,appear_tick,board_tick,alight_tick,miss_reason,waiting_passengers,elevator_snapshot
1,2,0,1,50,61,,无,E0:F0→0 stopped 0人 | E1:F0→2 up 0人
2,2,1,3,50,55,,2→0,E0:F0→1 up 0人 | E1:F0→2 up 0人
3,4,0,5,36,59,,2→0 | 2→1,E0:F0→1 up 0人 | E1:F0→2 up 0人
4,3,0,6,42,59,,2→0 | 2→1 | 4→0,E0:F0→1 up 0人 | E1:F1→2 up 0人
5,5,0,7,30,59,,2→0 | 2→1 | 4→0 | 3→0,E0:F1→1 up 0人 | E1:F1→2 up 0人
6,4,0,9,36,59,,2→0 | 2→1 | 4→0 | 3→0 | 5→0,E0:F1→2 up 0人 | E1:F1→2 up 0人
7,1,0,10,56,61,,2→0 | 2→1 | 4→0 | 3→0 | 5→0 | 4→0,E0:F1→2 up 0人 | E1:F1→2 up 0人
8,5,0,12,30,59,,2→0 | 2→1 | 4→0 | 3→0 | 5→0 | 4→0 | 1→0,E0:F1→2 up 0人 | E1:F2→3 up 0人
9,3,0,13,42,59,,2→0 | 2→1 | 4→0 | 3→0 | 5→0 | 4→0 | 1→0 | 5→0,E0:F2→2 up 0人 | E1:F2→3 up 0人
10,3,0,14,44,61,,2→0 | 2→1 | 4→0 | 3→0 | 5→0 | 4→0 | 1→0 | 5→0 | 3→0,E0:F2→3 up 0人 | E1:F2→3 up 0人
11,2,0,15,50,61,,2→0 | 2→1 | 4→0 | 3→0 | 5→0 | 4→0 | 1→0 | 5→0 | 3→0 | 3→0,E0:F2→3 up 0人 | E1:F2→3 up 0人
12,1,0,17,56,61,,2→0 | 2→1 | 4→0 | 3→0 | 5→0 | 4→0 | 1→0 | 5→0 | 3→0 | 3→0 | 2→0,E0:F2→3 up 0人 | E1:F3→3 up 0人
13,3,2,18,44,49,,2→0 | 2→1 | 4→0 | 3→0 | 5→0 | 4→0 | 1→0 | 5→0 | 3→0 | 3→0 | 2→0 | 1→0,E0:F2→3 up 0人 | E1:F3→4 up 0人
14,4,0,19,36,59,,2→0 | 2→1 | 4→0 | 3→0 | 5→0 | 4→0 | 1→0 | 5→0 | 3→0 | 3→0 | 2→0 | 1→0 | 3→2,E0:F3→3 up 0人 | E1:F3→4 up 0人
15,3,0,22,44,61,,2→0 | 2→1 | 4→0 | 3→0 | 5→0 | 4→0 | 1→0 | 5→0 | 3→0 | 3→0 | 2→0 | 1→0 | 3→2 | 4→0,E0:F3→4 up 0人 | E1:F3→4 up 0人
16,5,4,28,30,35,,2→0 | 2→1 | 4→0 | 3→0 | 5→0 | 4→0 | 1→0 | 5→0 | 3→0 | 3→0 | 2→0 | 1→0 | 3→2 | 4→0 | 3→0,E0:F4→5 up 0人 | E1:F4→5 up 0人
17,1,0,30,114,119,,2→0 | 2→1 | 4→0 | 3→0 | 4→0 | 1→0 | 3→0 | 3→0 | 2→0 | 1→0 | 3→2 | 4→0 | 3→0,E0:F4→5 up 0人 | E1:F5→4 down 3人
18,3,0,32,44,61,,2→0 | 2→1 | 4→0 | 3→0 | 4→0 | 1→0 | 3→0 | 3→0 | 2→0 | 1→0 | 3→2 | 4→0 | 3→0 | 1→0,E0:F5→4 down 0人 | E1:F5→4 down 3人
19,4,0,35,36,59,,2→0 | 2→1 | 4→0 | 3→0 | 4→0 | 1→0 | 3→0 | 3→0 | 2→0 | 1→0 | 3→2 | 4→0 | 3→0 | 1→0 | 3→0,E0:F5→4 down 0人 | E1:F4→4 down 2人
20,4,0,37,38,61,,2→0 | 2→1 | 3→0 | 1→0 | 3→0 | 3→0 | 2→0 | 1→0 | 3→2 | 3→0 | 1→0 | 3→0,E0:F4→4 down 0人 | E1:F4→3 down 6人
21,1,0,39,116,121,,2→0 | 2→1 | 3→0 | 1→0 | 3→0 | 3→0 | 2→0 | 1→0 | 3→2 | 3→0 | 1→0 | 3→0,E0:F4→3 down 1人 | E1:F4→3 down 6人
22,5,0,40,90,119,,2→0 | 2→1 | 3→0 | 1→0 | 3→0 | 3→0 | 2→0 | 1→0 | 3→2 | 3→0 | 1→0 | 3→0 | 1→0,E0:F4→3 down 1人 | E1:F4→3 down 6人
23,5,0,41,90,119,,2→0 | 2→1 | 3→0 | 1→0 | 3→0 | 3→0 | 2→0 | 1→0 | 3→2 | 3→0 | 1→0 | 3→0 | 1→0 | 5→0,E0:F4→3 down 1人 | E1:F3→3 down 6人
24,5,0,42,90,119,,2→0 | 2→1 | 1→0 | 3→0 | 2→0 | 1→0 | 3→2 | 3→0 | 1→0 | 3→0 | 1→0 | 5→0 | 5→0,E0:F4→3 down 1人 | E1:F3→2 down 8人
25,2,1,44,50,55,,2→0 | 2→1 | 1→0 | 2→0 | 1→0 | 1→0 | 1→0 | 5→0 | 5→0 | 5→0,E0:F3→2 down 5人 | E1:F3→2 down 8人
26,4,0,45,98,121,,2→0 | 2→1 | 1→0 | 2→0 | 1→0 | 1→0 | 1→0 | 5→0 | 5→0 | 5→0 | 2→1,E0:F3→2 down 5人 | E1:F3→2 down 8人
27,1,0,46,,,未接-超时(>200),2→0 | 2→1 | 1→0 | 2→0 | 1→0 | 1→0 | 1→0 | 5→0 | 5→0 | 5→0 | 2→1 | 4→0,E0:F3→2 down 5人 | E1:F3→2 down 8人
28,3,0,49,104,121,,2→0 | 2→1 | 1→0 | 2→0 | 1→0 | 1→0 | 1→0 | 5→0 | 5→0 | 5→0 | 2→1 | 4→0 | 1→0,E0:F2→2 down 4人 | E1:F2→1 down 8人
29,5,0,50,90,119,,1→0 | 1→0 | 1→0 | 1→0 | 5→0 | 5→0 | 5→0 | 4→0 | 1→0 | 3→0,E0:F2→1 down 8人 | E1:F2→1 down 8人
30,5,0,51,90,119,,1→0 | 1→0 | 1→0 | 1→0 | 5→0 | 5→0 | 5→0 | 4→0 | 1→0 | 3→0 | 5→0,E0:F2→1 down 8人 | E1:F2→1 down 8人
31,4,3,52,98,103,,1→0 | 1→0 | 1→0 | 1→0 | 5→0 | 5→0 | 5→0 | 4→0 | 1→0 | 3→0 | 5→0 | 5→0,E0:F2→1 down 8人 | E1:F2→1 down 8人
32,3,1,53,104,115,,1→0 | 1→0 | 1→0 | 1→0 | 5→0 | 5→0 | 5→0 | 4→0 | 1→0 | 3→0 | 5→0 | 5→0 | 4→3,E0:F2→1 down 8人 | E1:F1→1 down 8人
33,3,0,55,104,121,,1→0 | 1→0 | 1→0 | 1→0 | 5→0 | 5→0 | 5→0 | 4→0 | 1→0 | 3→0 | 5→0 | 5→0 | 4→3 | 3→1,E0:F1→1 down 6人 | E1:F1→0 down 8人
34,5,0,58,90,119,,1→0 | 1→0 | 5→0 | 5→0 | 5→0 | 4→0 | 1→0 | 3→0 | 5→0 | 5→0 | 4→3 | 3→1 | 3→0,E0:F1→0 down 8人 | E1:F1→0 down 8人
35,3,0,59,162,179,,1→0 | 1→0 | 5→0 | 5→0 | 5→0 | 4→0 | 1→0 | 3→0 | 5→0 | 5→0 | 4→3 | 3→1 | 3→0 | 5→0,E0:F1→0 down 8人 | E1:F0→0 down 0人
36,4,3,60,98,103,,1→0 | 1→0 | 5→0 | 5→0 | 5→0 | 4→0 | 1→0 | 3→0 | 5→0 | 5→0 | 4→3 | 3→1 | 3→0 | 5→0 | 3→0,E0:F1→0 down 8人 | E1:F0→1 up 0人
37,5,0,62,90,119,,1→0 | 1→0 | 5→0 | 5→0 | 5→0 | 4→0 | 1→0 | 3→0 | 5→0 | 5→0 | 4→3 | 3→1 | 3→0 | 5→0 | 3→0 | 4→3,E0:F0→1 up 0人 | E1:F0→1 up 0人
38,4,0,63,98,121,,1→0 | 1→0 | 5→0 | 5→0 | 5→0 | 4→0 | 1→0 | 3→0 | 5→0 | 5→0 | 4→3 | 3→1 | 3→0 | 5→0 | 3→0 | 4→3 | 5→0,E0:F0→1 up 0人 | E1:F0→1 up 0人
39,4,0,65,98,121,,1→0 | 1→0 | 5→0 | 5→0 | 5→0 | 4→0 | 1→0 | 3→0 | 5→0 | 5→0 | 4→3 | 3→1 | 3→0 | 5→0 | 3→0 | 4→3 | 5→0 | 4→0,E0:F0→1 up 0人 | E1:F1→1 up 0人
40,2,0,71,170,181,,1→0 | 1→0 | 5→0 | 5→0 | 5→0 | 4→0 | 1→0 | 3→0 | 5→0 | 5→0 | 4→3 | 3→1 | 3→0 | 5→0 | 3→0 | 4→3 | 5→0 | 4→0 | 4→0,E0:F1→2 up 0人 | E1:F2→2 up 0人
41,4,0,73,98,121,,1→0 | 1→0 | 5→0 | 5→0 | 5→0 | 4→0 | 1→0 | 3→0 | 5→0 | 5→0 | 4→3 | 3→1 | 3→0 | 5→0 | 3→0 | 4→3 | 5→0 | 4→0 | 4→0 | 2→0,E0:F2→2 up 0人 | E1:F2→3 up 0人
42,4,0,74,98,121,,1→0 | 1→0 | 5→0 | 5→0 | 5→0 | 4→0 | 1→0 | 3→0 | 5→0 | 5→0 | 4→3 | 3→1 | 3→0 | 5→0 | 3→0 | 4→3 | 5→0 | 4→0 | 4→0 | 2→0 | 4→0,E0:F2→3 up 0人 | E1:F2→3 up 0人
43,3,0,79,162,179,,1→0 | 1→0 | 5→0 | 5→0 | 5→0 | 4→0 | 1→0 | 3→0 | 5→0 | 5→0 | 4→3 | 3→1 | 3→0 | 5→0 | 3→0 | 4→3 | 5→0 | 4→0 | 4→0 | 2→0 | 4→0 | 4→0,E0:F3→3 up 0人 | E1:F3→4 up 0人
44,5,1,83,90,113,,1→0 | 1→0 | 5→0 | 5→0 | 5→0 | 4→0 | 1→0 | 3→0 | 5→0 | 5→0 | 4→3 | 3→1 | 3→0 | 5→0 | 3→0 | 4→3 | 5→0 | 4→0 | 4→0 | 2→0 | 4→0 | 4→0 | 3→0,E0:F3→4 up 0人 | E1:F4→4 up 0人
45,3,0,84,164,181,,1→0 | 1→0 | 5→0 | 5→0 | 5→0 | 4→0 | 1→0 | 3→0 | 5→0 | 5→0 | 4→3 | 3→1 | 3→0 | 5→0 | 3→0 | 4→3 | 5→0 | 4→0 | 4→0 | 2→0 | 4→0 | 4→0 | 3→0 | 5→1,E0:F3→4 up 0人 | E1:F4→5 up 0人
46,1,0,91,,,未接-超时(>200),1→0 | 1→0 | 4→0 | 1→0 | 3→0 | 4→3 | 3→1 | 3→0 | 3→0 | 4→3 | 4→0 | 4→0 | 2→0 | 4→0 | 4→0 | 3→0 | 3→0,E0:F5→5 up 0人 | E1:F5→4 down 8人
47,3,0,94,164,181,,1→0 | 1→0 | 4→0 | 1→0 | 3→0 | 4→3 | 3→1 | 3→0 | 3→0 | 4→3 | 4→0 | 4→0 | 2→0 | 4→0 | 4→0 | 3→0 | 3→0 | 1→0,E0:F5→4 down 0人 | E1:F5→4 down 8人
48,2,0,97,170,181,,1→0 | 1→0 | 4→0 | 1→0 | 3→0 | 4→3 | 3→1 | 3→0 | 3→0 | 4→3 | 4→0 | 4→0 | 2→0 | 4→0 | 4→0 | 3→0 | 3→0 | 1→0 | 3→0,E0:F4→4 down 0人 | E1:F4→3 down 8人
49,3,0,99,164,181,,1→0 | 1→0 | 1→0 | 3→0 | 3→1 | 3→0 | 3→0 | 2→0 | 3→0 | 3→0 | 1→0 | 3→0 | 2→0,E0:F4→3 down 7人 | E1:F4→3 down 8人
50,3,0,104,164,181,,1→0 | 1→0 | 1→0 | 3→0 | 2→0 | 3→0 | 3→0 | 1→0 | 3→0 | 2→0 | 3→0,E0:F3→2 down 8人 | E1:F3→2 down 8人
51,5,0,105,150,179,,1→0 | 1→0 | 1→0 | 3→0 | 2→0 | 3→0 | 3→0 | 1→0 | 3→0 | 2→0 | 3→0 | 3→0,E0:F3→2 down 8人 | E1:F3→2 down 8人
52,5,0,111,150,179,,1→0 | 1→0 | 1→0 | 3→0 | 2→0 | 3→0 | 3→0 | 1→0 | 3→0 | 2→0 | 3→0 | 3→0 | 5→0,E0:F2→1 down 8人 | E1:F2→1 down 8人
53,1,0,115,,,未接-超时(>200),1→0 | 1→0 | 3→0 | 2→0 | 3→0 | 3→0 | 1→0 | 3→0 | 2→0 | 3→0 | 3→0 | 5→0 | 5→0,E0:F1→1 down 7人 | E1:F1→0 down 8人
54,2,0,116,170,181,,1→0 | 3→0 | 2→0 | 3→0 | 3→0 | 1→0 | 3→0 | 2→0 | 3→0 | 3→0 | 5→0 | 5→0 | 1→0,E0:F1→0 down 8人 | E1:F1→0 down 8人
55,5,0,119,150,179,,1→0 | 3→0 | 2→0 | 3→0 | 3→0 | 1→0 | 3→0 | 2→0 | 3→0 | 3→0 | 5→0 | 5→0 | 1→0 | 2→0,E0:F1→0 down 8人 | E1:F0→0 down 0人
56,5,0,122,150,179,,1→0 | 3→0 | 2→0 | 3→0 | 3→0 | 1→0 | 3→0 | 2→0 | 3→0 | 3→0 | 5→0 | 5→0 | 1→0 | 2→0 | 5→0,E0:F0→1 up 0人 | E1:F0→1 up 0人
57,3,2,124,164,169,,1→0 | 3→0 | 2→0 | 3→0 | 3→0 | 1→0 | 3→0 | 2→0 | 3→0 | 3→0 | 5→0 | 5→0 | 1→0 | 2→0 | 5→0 | 5→0,E0:F0→1 up 0人 | E1:F0→1 up 0人
58,3,2,127,164,169,,1→0 | 3→0 | 2→0 | 3→0 | 3→0 | 1→0 | 3→0 | 2→0 | 3→0 | 3→0 | 5→0 | 5→0 | 1→0 | 2→0 | 5→0 | 5→0 | 3→2,E0:F1→1 up 0人 | E1:F1→2 up 0人
59,2,0,129,,,未接-超时(>200),1→0 | 3→0 | 2→0 | 3→0 | 3→0 | 1→0 | 3→0 | 2→0 | 3→0 | 3→0 | 5→0 | 5→0 | 1→0 | 2→0 | 5→0 | 5→0 | 3→2 | 3→2,E0:F1→2 up 0人 | E1:F1→2 up 0人
60,3,0,130,164,181,,1→0 | 3→0 | 2→0 | 3→0 | 3→0 | 1→0 | 3→0 | 2→0 | 3→0 | 3→0 | 5→0 | 5→0 | 1→0 | 2→0 | 5→0 | 5→0 | 3→2 | 3→2 | 2→0,E0:F1→2 up 0人 | E1:F1→2 up 0人
61,5,0,136,150,179,,1→0 | 3→0 | 2→0 | 3→0 | 3→0 | 1→0 | 3→0 | 2→0 | 3→0 | 3→0 | 5→0 | 5→0 | 1→0 | 2→0 | 5→0 | 5→0 | 3→2 | 3→2 | 2→0 | 3→0,E0:F2→3 up 0人 | E1:F2→3 up 0人
62,5,0,138,150,179,,1→0 | 3→0 | 2→0 | 3→0 | 3→0 | 1→0 | 3→0 | 2→0 | 3→0 | 3→0 | 5→0 | 5→0 | 1→0 | 2→0 | 5→0 | 5→0 | 3→2 | 3→2 | 2→0 | 3→0 | 5→0,E0:F2→3 up 0人 | E1:F3→4 up 0人
63,2,0,148,,,未接-超时(>200),1→0 | 3→0 | 2→0 | 3→0 | 3→0 | 1→0 | 3→0 | 2→0 | 3→0 | 3→0 | 5→0 | 5→0 | 1→0 | 2→0 | 5→0 | 5→0 | 3→2 | 3→2 | 2→0 | 3→0 | 5→0 | 5→0,E0:F4→5 up 0人 | E1:F4→5 up 0人
64,2,0,150,,,未接-超时(>200),1→0 | 3→0 | 2→0 | 3→0 | 3→0 | 1→0 | 3→0 | 2→0 | 3→0 | 3→0 | 1→0 | 2→0 | 3→2 | 3→2 | 2→0 | 3→0 | 2→0,E0:F4→5 up 0人 | E1:F5→4 down 6人
65,5,0,153,,,未接-超时(>200),1→0 | 3→0 | 2→0 | 3→0 | 3→0 | 1→0 | 3→0 | 2→0 | 3→0 | 3→0 | 1→0 | 2→0 | 3→2 | 3→2 | 2→0 | 3→0 | 2→0 | 2→0,E0:F5→4 down 0人 | E1:F5→4 down 6人
66,3,2,158,164,169,,1→0 | 3→0 | 2→0 | 3→0 | 3→0 | 1→0 | 3→0 | 2→0 | 3→0 | 3→0 | 1→0 | 2→0 | 3→2 | 3→2 | 2→0 | 3→0 | 2→0 | 2→0 | 5→0,E0:F4→3 down 0人 | E1:F4→3 down 6人
67,5,0,165,,,未接-超时(>200),1→0 | 2→0 | 1→0 | 2→0 | 1→0 | 2→0 | 2→0 | 2→0 | 2→0 | 5→0,E0:F3→2 down 8人 | E1:F3→2 down 8人
68,3,0,166,,,未接-超时(>200),1→0 | 2→0 | 1→0 | 2→0 | 1→0 | 2→0 | 2→0 | 2→0 | 2→0 | 5→0 | 5→0,E0:F3→2 down 8人 | E1:F3→2 down 8人
69,2,0,168,,,未接-超时(>200),1→0 | 2→0 | 1→0 | 2→0 | 1→0 | 2→0 | 2→0 | 2→0 | 2→0 | 5→0 | 5→0 | 3→0,E0:F3→2 down 8人 | E1:F2→1 down 8人
70,5,0,171,,,未接-超时(>200),1→0 | 1→0 | 1→0 | 2→0 | 2→0 | 2→0 | 5→0 | 5→0 | 3→0 | 2→0,E0:F2→1 down 8人 | E1:F2→1 down 8人
71,3,0,172,,,未接-超时(>200),1→0 | 1→0 | 1→0 | 2→0 | 2→0 | 2→0 | 5→0 | 5→0 | 3→0 | 2→0 | 5→0,E0:F2→1 down 8人 | E1:F2→1 down 8人
72,4,0,179,,,未接-超时(>200),1→0 | 1→0 | 1→0 | 2→0 | 2→0 | 2→0 | 5→0 | 5→0 | 3→0 | 2→0 | 5→0 | 3→0,E0:F1→0 down 8人 | E1:F0→0 down 0人
73,5,0,183,,,未接-超时(>200),1→0 | 1→0 | 1→0 | 2→0 | 2→0 | 2→0 | 5→0 | 5→0 | 3→0 | 2→0 | 5→0 | 3→0 | 4→0,E0:F0→1 up 0人 | E1:F0→1 up 0人
74,1,0,196,,,未接-超时(>200),1→0 | 1→0 | 1→0 | 2→0 | 2→0 | 2→0 | 5→0 | 5→0 | 3→0 | 2→0 | 5→0 | 3→0 | 4→0 | 5→0,E0:F2→3 up 0人 | E1:F2→3 up 0人
